Month,Mean TemperatureF                  
Jan,32.133333
Apr,61.956044
Jul,68.934783
Oct,43.434783